state,zip,fips
ny,00,36
pr,00,72
vi,00,78
ma,01,25
ma,02,25
ri,02,44
nh,03,33
nh,03,23
me,03,23
me,04,23
vt,05,50
ma,05,25
ct,06,09
ny,06,36
nj,07,34
nj,08,34
ny,10,36
ny,11,36
ny,12,36
ny,13,36
ny,14,36
pa,15,42
pa,16,42
pa,17,42
pa,18,42
pa,19,42
de,19,10
dc,20,11
dc,20,51
dc,20,24
va,20,51
md,20,24
md,21,24
va,22,51
va,23,51
va,24,51
wv,24,54
wv,25,54
wv,26,54
nc,27,37
nc,28,37
sc,29,45
ga,30,13
ga,31,13
fl,32,12
fl,33,12
fl,34,12
al,35,01
al,36,01
tn,37,47
tn,38,47
ms,38,28
ms,39,28
ga,39,13
ky,40,21
ky,41,21
ky,42,21
ky,42,47
oh,43,39
oh,44,39
oh,45,39
oh,45,21
in,46,18
in,47,18
mi,48,26
mi,49,26
ia,50,19
ia,51,19
ia,52,19
wi,53,55
wi,54,55
mn,55,27
mn,56,27
dc,56,11
sd,57,46
sd,57,38
nd,58,38
mt,59,30
il,60,17
il,61,17
il,62,17
mo,63,29
mo,64,29
mo,65,29
mo,65,05
ks,66,20
ks,67,20
ne,68,31
ne,69,31
la,70,22
la,71,22
ar,71,05
ar,72,05
mo,72,05
ok,73,40
tx,73,48
ok,74,40
tx,75,48
tx,76,48
tx,77,48
tx,78,48
tx,79,48
co,80,08
co,81,08
wy,82,56
wy,83,56
id,83,16
ut,84,49
az,85,04
az,86,04
nm,87,35
nm,88,35
dc,88,11
nv,89,32
ca,90,06
ca,91,06
ca,92,06
ca,93,06
ca,94,06
ca,95,06
ca,96,06
hi,96,15
as,96,60
gu,96,66
pw,96,70
fm,96,64
mp,96,69
mh,96,68
or,97,41
wa,98,53
wa,99,53
ak,99,02
